<?xml version="1.0" encoding="UTF-8"?>
<assembly
	xmlns="http://maven.apache.org/plugins/maven-assembly-plugin/assembly/1.1.2"
	xmlns:xsi="http://www.w3.org/2001/XMLSchema-instance"
	xsi:schemaLocation="http://maven.apache.org/plugins/maven-assembly-plugin/assembly/1.1.2 http://maven.apache.org/xsd/assembly-1.1.2.xsd">
	<id>bin</id>
	<formats>
		<format>tar.gz</format>
		<format>zip</format>
	</formats>
	<fileSets>
		<fileSet>
			<directory>..</directory>
			<includes>
				<include>CHANGES.txt</include>
				<include>LICENSE.txt</include>
				<include>PROTOCOL.txt</include>
				<include>README.txt</include>
				<include>IndegoIftttAdapterConfig.properties</include>
				<include>IndegoMqttAdapterConfig.properties</include>
			</includes>
			<outputDirectory>.</outputDirectory>
		</fileSet>
		<fileSet>
			<directory>target/appassembler/bin</directory>
			<outputDirectory>bin</outputDirectory>
			<excludes>
				<exclude>*.bat</exclude>
			</excludes>
			<directoryMode>0755</directoryMode>
			<fileMode>0755</fileMode>
		</fileSet>
		<fileSet>
			<directory>target/appassembler/bin</directory>
			<outputDirectory>bin</outputDirectory>
			<includes>
				<include>*.bat</include>
			</includes>
			<directoryMode>0755</directoryMode>
			<fileMode>0644</fileMode>
		</fileSet>
		<fileSet>
			<directory>target/appassembler/repo</directory>
			<outputDirectory>repo</outputDirectory>
			<includes>
				<include>**/*.jar</include>
			</includes>
			<directoryMode>0755</directoryMode>
			<fileMode>0644</fileMode>
		</fileSet>
	</fileSets>
</assembly>
